Commodity,Date,Farm,Atlanta,Chicago,Los Angeles,New York
Strawberries,2/25/2018,$1.50 ,$2.13 ,$3.03 ,$2.75 ,$2.74 
Romaine Lettuce,2/25/2018,$0.78 ,$1.79 ,$2.09 ,$1.47 ,$1.97 
Red Leaf Lettuce,2/25/2018,$0.44 ,$1.42 ,$1.75 ,$1.47 ,$1.65 
Potatoes,2/25/2018,$1.60 ,$3.97 ,$3.81 ,$3.99 ,$5.47 
Oranges,2/25/2018,$0.53 ,$1.60 ,$1.41 ,$1.32 ,$1.88 
Iceberg Lettuce,2/25/2018,$0.64 ,$0.99 ,$1.41 ,$1.34 ,$1.77 
Green Leaf Lettuce,2/25/2018,$0.56 ,$1.42 ,$1.71 ,$1.47 ,$1.57 
Celery,2/25/2018,$0.32 ,$1.37 ,$1.69 ,$1.94 ,$1.62 
Cauliflower,2/25/2018,$2.32 ,$2.49 ,$3.09 ,$3.78 ,$2.81 
Carrots,2/25/2018,$0.31 ,$1.22 ,$0.85 ,$0.99 ,$1.05 
Broccoli Crowns,2/25/2018,$0.80 ,$1.69 ,$1.95 ,$1.99 ,$1.54 
Broccoli Bunches,2/25/2018,$0.60 ,$1.65 ,$1.25 ,$1.49 ,$1.63 
Avocados,2/25/2018,$0.82 ,$1.12 ,$1.76 ,$1.53 ,$1.49 
Strawberries,2/18/2018,$1.63 ,$2.29 ,$2.91 ,$1.89 ,$3.11 
Romaine Lettuce,2/18/2018,$0.38 ,$1.62 ,$2.19 ,$1.47 ,$1.85 
Red Leaf Lettuce,2/18/2018,$0.34 ,$1.42 ,$1.56 ,$1.47 ,$1.60 
Potatoes,2/18/2018,$1.60 ,$3.97 ,$4.31 ,$3.99 ,$5.72 
Oranges,2/18/2018,$0.53 ,$1.35 ,$1.61 ,$1.34 ,$1.76 
Iceberg Lettuce,2/18/2018,$0.41 ,$0.99 ,$1.46 ,$1.34 ,$1.65 
Green Leaf Lettuce,2/18/2018,$0.37 ,$1.42 ,$1.61 ,$1.47 ,$1.57 
Celery,2/18/2018,$0.30 ,$1.19 ,$1.69 ,$1.84 ,$1.62 
Cauliflower,2/18/2018,$1.35 ,$2.82 ,$3.09 ,$3.78 ,$2.69 
Carrots,2/18/2018,$0.31 ,$1.22 ,$0.92 ,$0.99 ,$1.05 
Broccoli Crowns,2/18/2018,$0.44 ,$1.69 ,$1.92 ,$1.99 ,$1.79 
Broccoli Bunches,2/18/2018,$0.39 ,$1.65 ,$1.74 ,$1.49 ,$1.63 
Avocados,2/18/2018,$0.85 ,$1.09 ,$1.76 ,$1.43 ,$1.67 
Strawberries,2/11/2018,$1.75 ,$2.49 ,$2.87 ,$3.62 ,$2.99 
Romaine Lettuce,2/11/2018,$0.30 ,$1.79 ,$2.07 ,$1.47 ,$1.85 
Red Leaf Lettuce,2/11/2018,$0.30 ,$1.42 ,$1.73 ,$1.47 ,$1.65 
Potatoes,2/11/2018,$1.60 ,$3.97 ,$4.31 ,$3.99 ,$5.72 
Oranges,2/11/2018,$0.53 ,$1.61 ,$1.35 ,$1.34 ,$1.88 
Iceberg Lettuce,2/11/2018,$0.32 ,$0.99 ,$1.46 ,$1.24 ,$1.59 
Green Leaf Lettuce,2/11/2018,$0.30 ,$1.42 ,$1.68 ,$1.47 ,$1.57 
Celery,2/11/2018,$0.32 ,$1.37 ,$1.57 ,$1.94 ,$1.62 
Cauliflower,2/11/2018,$0.61 ,$2.82 ,$2.99 ,$3.68 ,$2.81 
Carrots,2/11/2018,$0.31 ,$1.22 ,$0.92 ,$0.99 ,$1.05 
Broccoli Crowns,2/11/2018,$0.34 ,$1.69 ,$2.10 ,$1.99 ,$1.86 
Avocados,2/11/2018,$0.82 ,$1.09 ,$1.76 ,$1.51 ,$1.58 
Strawberries,2/4/2018,$1.81 ,$3.12 ,$3.24 ,$3.37 ,$3.12 
Romaine Lettuce,2/4/2018,$0.30 ,$1.99 ,$2.19 ,$1.47 ,$1.85 
Red Leaf Lettuce,2/4/2018,$0.30 ,$1.42 ,$1.68 ,$1.47 ,$1.66 
Potatoes,2/4/2018,$1.60 ,$5.24 ,$4.31 ,$3.99 ,$5.72 
Oranges,2/4/2018,$0.55 ,$1.37 ,$1.59 ,$1.34 ,$2.00 
Iceberg Lettuce,2/4/2018,$0.32 ,$0.99 ,$1.46 ,$1.34 ,$1.59 
Green Leaf Lettuce,2/4/2018,$0.30 ,$1.42 ,$1.61 ,$1.47 ,$1.62 
Celery,2/4/2018,$0.33 ,$1.37 ,$1.49 ,$1.84 ,$1.64 
Cauliflower,2/4/2018,$0.65 ,$2.82 ,$3.21 ,$3.68 ,$3.19 
Carrots,2/4/2018,$0.32 ,$0.92 ,$0.92 ,$0.99 ,$1.22 
Broccoli Crowns,2/4/2018,$0.34 ,$1.69 ,$1.66 ,$1.99 ,$1.91 
Avocados,2/4/2018,$0.82 ,$0.87 ,$1.45 ,$1.31 ,$1.32 
Strawberries,1/28/2018,$1.75 ,$3.15 ,$3.82 ,$2.99 ,$3.86 
Oranges,1/28/2018,$0.54 ,$1.48 ,$1.61 ,$1.34 ,$1.76 
Romaine Lettuce,1/28/2018,$0.28 ,$1.62 ,$2.19 ,$1.47 ,$1.85 
Red Leaf Lettuce,1/28/2018,$0.29 ,$1.49 ,$1.73 ,$1.42 ,$1.60 
Potatoes,1/28/2018,$1.60 ,$5.24 ,$4.31 ,$3.99 ,$5.97 
Iceberg Lettuce,1/28/2018,$0.31 ,$1.24 ,$1.46 ,$1.24 ,$1.66 
Green Leaf Lettuce,1/28/2018,$0.29 ,$1.42 ,$1.65 ,$1.42 ,$1.57 
Celery,1/28/2018,$0.33 ,$1.37 ,$1.56 ,$1.99 ,$1.99 
Cauliflower,1/28/2018,$0.74 ,$2.85 ,$3.46 ,$3.68 ,$4.32 
Carrots,1/28/2018,$0.31 ,$0.92 ,$0.92 ,$0.99 ,$0.95 
Broccoli Crowns,1/28/2018,$0.39 ,$2.34 ,$1.92 ,$2.14 ,$2.04 
Broccoli Bunches,1/28/2018,$0.33 ,$1.81 ,$1.74 ,$1.40 ,$2.44 
Avocados,1/28/2018,$0.73 ,$1.23 ,$1.41 ,$1.69 ,$1.66 
Strawberries,1/21/2018,$2.00 ,$2.66 ,$3.37 ,$3.99 ,$4.11 
Romaine Lettuce,1/21/2018,$0.28 ,$1.62 ,$2.07 ,$1.44 ,$1.88 
Red Leaf Lettuce,1/21/2018,$0.29 ,$1.42 ,$1.70 ,$1.42 ,$1.72 
Potatoes,1/21/2018,$1.60 ,$3.99 ,$4.31 ,$3.99 ,$5.72 
Oranges,1/21/2018,$0.54 ,$1.39 ,$1.49 ,$1.07 ,$1.88 
Iceberg Lettuce,1/21/2018,$0.32 ,$0.99 ,$1.46 ,$1.24 ,$1.61 
Green Leaf Lettuce,1/21/2018,$0.29 ,$1.42 ,$1.73 ,$1.34 ,$1.64 
Celery,1/21/2018,$0.32 ,$1.75 ,$1.57 ,$1.94 ,$1.67 
Cauliflower,1/21/2018,$0.60 ,$2.98 ,$3.46 ,$3.68 ,$3.34 
Carrots,1/21/2018,$0.31 ,$0.92 ,$0.92 ,$0.99 ,$1.05 
Broccoli Crowns,1/21/2018,$0.37 ,$1.69 ,$1.92 ,$1.99 ,$2.04 
Broccoli Bunches,1/21/2018,$0.36 ,$1.48 ,$1.56 ,$1.49 ,$1.63 
Strawberries,1/14/2018,$2.00 ,$2.99 ,$3.12 ,$2.62 ,$4.11 
Romaine Lettuce,1/14/2018,$0.29 ,$1.52 ,$2.19 ,$1.47 ,$1.85 
Red Leaf Lettuce,1/14/2018,$0.30 ,$1.34 ,$1.73 ,$1.42 ,$1.60 
Potatoes,1/14/2018,$1.60 ,$5.24 ,$4.31 ,$3.99 ,$5.97 
Oranges,1/14/2018,$0.54 ,$1.48 ,$1.32 ,$1.34 ,$1.76 
Iceberg Lettuce,1/14/2018,$0.33 ,$0.99 ,$1.46 ,$1.24 ,$1.66 
Green Leaf Lettuce,1/14/2018,$0.30 ,$1.32 ,$1.65 ,$1.42 ,$1.57 
Celery,1/14/2018,$0.34 ,$1.37 ,$1.56 ,$1.94 ,$1.99 
Cauliflower,1/14/2018,$0.62 ,$2.98 ,$3.46 ,$3.68 ,$4.66 
Carrots,1/14/2018,$0.31 ,$0.92 ,$0.92 ,$0.99 ,$0.89 
Broccoli Crowns,1/14/2018,$0.44 ,$1.91 ,$1.92 ,$2.14 ,$2.04 
Broccoli Bunches,1/14/2018,$0.43 ,$1.48 ,$1.74 ,$1.40 ,$2.44 
Strawberries,1/7/2018,$2.06 ,$3.49 ,$2.61 ,$2.69 ,$3.99 
Romaine Lettuce,1/7/2018,$0.34 ,$1.52 ,$2.07 ,$1.47 ,$1.85 
Red Leaf Lettuce,1/7/2018,$0.35 ,$1.34 ,$1.78 ,$1.42 ,$1.65 
Potatoes,1/7/2018,$1.60 ,$5.24 ,$4.31 ,$3.99 ,$5.72 
Oranges,1/7/2018,$0.54 ,$1.69 ,$1.54 ,$1.24 ,$1.76 
Iceberg Lettuce,1/7/2018,$0.39 ,$0.99 ,$1.41 ,$1.24 ,$1.61 
Green Leaf Lettuce,1/7/2018,$0.35 ,$1.32 ,$1.73 ,$1.42 ,$1.57 
Celery,1/7/2018,$0.38 ,$1.38 ,$1.94 ,$1.94 ,$1.54 
Cauliflower,1/7/2018,$1.04 ,$2.98 ,$3.46 ,$3.68 ,$4.21 
Carrots,1/7/2018,$0.32 ,$0.92 ,$0.92 ,$0.99 ,$0.89 
Broccoli Crowns,1/7/2018,$0.77 ,$1.69 ,$2.10 ,$2.14 ,$1.74 
Broccoli Bunches,1/7/2018,$0.70 ,$1.65 ,$1.58 ,$1.40 ,$1.63 
Broccoli Crowns,12/31/2017,$1.25 ,$2.58 ,$2.10 ,$1.74 ,$1.96 
Strawberries,12/31/2017,$2.00 ,$3.22 ,$2.49 ,$3.74 ,$3.99 
Romaine Lettuce,12/31/2017,$0.35 ,$1.85 ,$2.41 ,$1.47 ,$1.85 
Red Leaf Lettuce,12/31/2017,$0.34 ,$1.49 ,$1.96 ,$1.42 ,$1.59 
Potatoes,12/31/2017,$1.60 ,$5.24 ,$2.47 ,$3.99 ,$4.44 
Oranges,12/31/2017,$0.55 ,$1.56 ,$1.13 ,$1.24 ,$1.76 
Iceberg Lettuce,12/31/2017,$0.38 ,$0.99 ,$1.36 ,$1.24 ,$1.72 
Green Leaf Lettuce,12/31/2017,$0.34 ,$1.42 ,$1.88 ,$1.42 ,$1.55 
Celery,12/31/2017,$0.39 ,$1.37 ,$1.93 ,$1.84 ,$1.73 
Cauliflower,12/31/2017,$2.05 ,$2.92 ,$3.16 ,$3.18 ,$3.96 
Carrots,12/31/2017,$0.31 ,$0.92 ,$0.85 ,$0.99 ,$1.29 
Broccoli Bunches,12/31/2017,$0.79 ,$1.48 ,$1.14 ,$1.49 ,$2.44 
Strawberries,12/24/2017,$1.81 ,$3.61 ,$2.33 ,$3.74 ,$3.12 
Romaine Lettuce,12/24/2017,$0.32 ,$1.75 ,$2.47 ,$1.47 ,$1.68 
Green Leaf Lettuce,12/24/2017,$0.33 ,$1.52 ,$1.92 ,$1.42 ,$1.72 
Red Leaf Lettuce,12/24/2017,$0.34 ,$1.52 ,$2.00 ,$1.42 ,$1.74 
Potatoes,12/24/2017,$1.60 ,$4.31 ,$3.81 ,$3.99 ,$5.72 
Oranges,12/24/2017,$0.56 ,$1.38 ,$1.10 ,$0.94 ,$1.76 
Iceberg Lettuce,12/24/2017,$0.35 ,$0.99 ,$1.44 ,$1.24 ,$1.69 
Flame Grapes,12/24/2017,$1.26 ,$2.90 ,$2.79 ,$2.87 ,$2.61 
Celery,12/24/2017,$0.36 ,$1.31 ,$1.46 ,$1.94 ,$1.56 
Cauliflower,12/24/2017,$2.45 ,$2.59 ,$3.04 ,$3.68 ,$3.74 
Carrots,12/24/2017,$0.31 ,$0.92 ,$0.85 ,$0.99 ,$1.12 
Broccoli Crowns,12/24/2017,$1.14 ,$2.27 ,$1.92 ,$1.99 ,$1.59 
Broccoli Bunches,12/24/2017,$0.74 ,$1.61 ,$1.20 ,$1.79 ,$2.44 
Strawberries,12/17/2017,$1.88 ,$3.65 ,$3.29 ,$3.99 ,$4.54 
Romaine Lettuce,12/17/2017,$0.34 ,$2.02 ,$2.07 ,$1.47 ,$1.85 
Red Leaf Lettuce,12/17/2017,$0.34 ,$1.52 ,$1.78 ,$1.42 ,$1.55 
Potatoes,12/17/2017,$1.60 ,$4.27 ,$4.31 ,$3.99 ,$6.99 
Oranges,12/17/2017,$0.56 ,$1.38 ,$1.36 ,$1.14 ,$1.90 
Iceberg Lettuce,12/17/2017,$0.35 ,$0.99 ,$1.49 ,$1.24 ,$1.59 
Green Leaf Lettuce,12/17/2017,$1.26 ,$2.77 ,$2.41 ,$2.99 ,$2.16 
Celery,12/17/2017,$0.53 ,$1.25 ,$1.33 ,$1.77 ,$1.52 
Cauliflower,12/17/2017,$2.64 ,$2.59 ,$2.99 ,$3.18 ,$2.59 
Carrots,12/17/2017,$0.31 ,$0.92 ,$0.95 ,$0.99 ,$1.05 
Broccoli Crowns,12/17/2017,$0.87 ,$1.82 ,$1.92 ,$1.74 ,$1.41 
Broccoli Bunches,12/17/2017,$0.62 ,$1.65 ,$1.16 ,$1.49 ,$1.63 
Strawberries,12/10/2017,$1.69 ,$3.84 ,$3.62 ,$3.99 ,$4.74 
Romaine Lettuce,12/10/2017,$0.34 ,$1.75 ,$2.47 ,$1.47 ,$1.76 
Red Leaf Lettuce,12/10/2017,$0.35 ,$1.52 ,$2.00 ,$1.42 ,$1.60 
Potatoes,12/10/2017,$1.55 ,$4.31 ,$4.31 ,$3.99 ,$5.72 
Oranges,12/10/2017,$0.58 ,$1.38 ,$1.30 ,$0.75 ,$1.88 
Iceberg Lettuce,12/10/2017,$0.39 ,$0.99 ,$1.41 ,$1.24 ,$1.59 
Green Leaf Lettuce,12/10/2017,$0.34 ,$1.52 ,$1.92 ,$1.42 ,$1.62 
Flame Grapes,12/10/2017,$1.21 ,$2.90 ,$1.86 ,$2.74 ,$2.81 
Celery,12/10/2017,$0.48 ,$1.31 ,$1.51 ,$1.77 ,$1.86 
Cauliflower,12/10/2017,$2.18 ,$2.59 ,$2.49 ,$3.48 ,$3.09 
Carrots,12/10/2017,$0.31 ,$0.92 ,$0.92 ,$0.99 ,$1.35 
Broccoli Crowns,12/10/2017,$0.61 ,$2.03 ,$1.92 ,$1.99 ,$1.66 
Broccoli Bunches,12/10/2017,$0.52 ,$1.61 ,$1.32 ,$1.79 ,$2.44 
Strawberries,12/3/2017,$1.75 ,$3.86 ,$3.99 ,$4.49 ,$4.82 
Romaine Lettuce,12/3/2017,$0.33 ,$1.81 ,$2.09 ,$1.47 ,$1.97 
Red Leaf Lettuce,12/3/2017,$0.31 ,$1.49 ,$1.92 ,$1.42 ,$1.62 
Potatoes,12/3/2017,$1.50 ,$5.57 ,$3.72 ,$3.99 ,$6.99 
Oranges,12/3/2017,$0.56 ,$1.56 ,$1.37 ,$0.96 ,$2.00 
Iceberg Lettuce,12/3/2017,$0.33 ,$0.99 ,$1.23 ,$1.24 ,$1.59 
Green Leaf Lettuce,12/3/2017,$0.32 ,$1.49 ,$1.87 ,$1.42 ,$1.54 
Flame Grapes,12/3/2017,$1.21 ,$2.68 ,$2.49 ,$2.12 ,$2.69 
Celery,12/3/2017,$0.39 ,$1.21 ,$1.93 ,$1.94 ,$1.49 
Cauliflower,12/3/2017,$1.06 ,$2.59 ,$1.84 ,$3.48 ,$3.34 
Carrots,12/3/2017,$0.31 ,$0.92 ,$0.85 ,$0.99 ,$1.15 
Broccoli Crowns,12/3/2017,$0.38 ,$1.59 ,$1.92 ,$1.99 ,$1.66 
Broccoli Bunches,12/3/2017,$0.35 ,$1.22 ,$1.29 ,$1.49 ,$1.63 
Strawberries,11/26/2017,$1.63 ,$3.29 ,$3.65 ,$4.49 ,$4.24 
Romaine Lettuce,11/26/2017,$0.31 ,$1.75 ,$2.18 ,$1.47 ,$1.93 
Red Leaf Lettuce,11/26/2017,$0.31 ,$1.52 ,$1.75 ,$1.42 ,$1.55 
Potatoes,11/26/2017,$1.50 ,$4.31 ,$3.72 ,$3.99 ,$4.99 
Oranges,11/26/2017,$0.56 ,$1.56 ,$1.31 ,$1.07 ,$1.99 
Iceberg Lettuce,11/26/2017,$0.32 ,$0.99 ,$1.41 ,$1.24 ,$1.61 
Green Leaf Lettuce,11/26/2017,$0.30 ,$1.52 ,$1.68 ,$1.42 ,$1.62 
Flame Grapes,11/26/2017,$1.21 ,$2.23 ,$2.36 ,$2.87 ,$2.36 
Celery,11/26/2017,$0.39 ,$1.35 ,$1.21 ,$1.94 ,$1.66 
Cauliflower,11/26/2017,$0.57 ,$2.66 ,$3.16 ,$2.98 ,$3.46 
Carrots,11/26/2017,$0.31 ,$0.92 ,$0.82 ,$0.99 ,$1.29 
Broccoli Crowns,11/26/2017,$0.34 ,$2.16 ,$1.92 ,$1.74 ,$1.66 
Broccoli Bunches,11/26/2017,$0.35 ,$1.61 ,$1.40 ,$1.79 ,$2.44 
Strawberries,11/19/2017,$2.33 ,$3.41 ,$3.65 ,$4.49 ,$4.49 
Romaine Lettuce,11/19/2017,$0.35 ,$1.75 ,$2.27 ,$1.47 ,$1.93 
Red Leaf Lettuce,11/19/2017,$0.34 ,$1.52 ,$1.82 ,$1.42 ,$1.60 
Potatoes,11/19/2017,$1.50 ,$4.27 ,$3.72 ,$3.99 ,$4.99 
Oranges,11/19/2017,$0.63 ,$1.61 ,$1.51 ,$0.99 ,$2.10 
Iceberg Lettuce,11/19/2017,$0.31 ,$0.99 ,$1.41 ,$1.24 ,$1.59 
Green Leaf Lettuce,11/19/2017,$0.31 ,$1.52 ,$1.75 ,$1.42 ,$1.62 
Flame Grapes,11/19/2017,$1.10 ,$2.11 ,$2.19 ,$2.74 ,$2.36 
Celery,11/19/2017,$0.48 ,$1.24 ,$1.11 ,$1.94 ,$1.31 
Cauliflower,11/19/2017,$0.64 ,$2.92 ,$3.16 ,$3.83 ,$3.71 
Carrots,11/19/2017,$0.31 ,$0.95 ,$0.82 ,$0.99 ,$1.29 
Broccoli Crowns,11/19/2017,$0.43 ,$2.16 ,$2.10 ,$1.99 ,$1.66 
Broccoli Bunches,11/19/2017,$0.41 ,$1.61 ,$1.25 ,$1.79 ,$2.44 
Strawberries,11/12/2017,$2.92 ,$3.24 ,$3.24 ,$3.74 ,$3.11 
Romaine Lettuce,11/12/2017,$0.35 ,$2.06 ,$2.01 ,$1.52 ,$1.74 
Red Leaf Lettuce,11/12/2017,$0.36 ,$1.52 ,$1.66 ,$1.42 ,$1.74 
Potatoes,11/12/2017,$1.40 ,$4.27 ,$3.81 ,$3.99 ,$5.22 
Oranges,11/12/2017,$0.63 ,$1.61 ,$1.60 ,$0.99 ,$2.10 
Iceberg Lettuce,11/12/2017,$0.33 ,$0.99 ,$1.28 ,$1.24 ,$1.54 
Honeydews,11/12/2017,$1.25 ,$3.94 ,$3.99 ,$3.60 ,$4.36 
Green Leaf Lettuce,11/12/2017,$0.35 ,$1.52 ,$1.69 ,$1.42 ,$1.64 
Flame Grapes,11/12/2017,$1.10 ,$1.94 ,$1.99 ,$2.49 ,$1.99 
Celery,11/12/2017,$0.59 ,$1.24 ,$1.37 ,$1.17 ,$1.57 
Cauliflower,11/12/2017,$0.83 ,$2.92 ,$3.26 ,$3.98 ,$3.21 
Carrots,11/12/2017,$0.31 ,$0.95 ,$0.95 ,$0.99 ,$1.09 
Cantaloupe,11/12/2017,$0.69 ,$2.65 ,$2.86 ,$3.06 ,$3.11 
Broccoli Crowns,11/12/2017,$0.58 ,$1.91 ,$1.94 ,$2.14 ,$1.84 
Broccoli Bunches,11/12/2017,$0.55 ,$1.61 ,$1.29 ,$1.49 ,$2.09 
Strawberries,11/5/2017,$1.83 ,$2.99 ,$3.49 ,$3.49 ,$3.11 
Romaine Lettuce,11/5/2017,$0.38 ,$1.75 ,$2.13 ,$1.47 ,$1.74 
Red Leaf Lettuce,11/5/2017,$0.35 ,$1.52 ,$1.68 ,$1.42 ,$1.74 
Potatoes,11/5/2017,$1.50 ,$3.97 ,$4.31 ,$3.99 ,$5.21 
Oranges,11/5/2017,$0.66 ,$1.75 ,$1.60 ,$0.99 ,$2.10 
Iceberg Lettuce,11/5/2017,$0.34 ,$0.99 ,$1.74 ,$1.24 ,$1.66 
Honeydews,11/5/2017,$1.58 ,$4.49 ,$3.65 ,$4.01 ,$4.36 
Green Leaf Lettuce,11/5/2017,$0.36 ,$1.52 ,$1.61 ,$1.42 ,$1.70 
Flame Grapes,11/5/2017,$1.08 ,$2.06 ,$2.49 ,$2.49 ,$2.11 
Celery,11/5/2017,$0.66 ,$1.44 ,$2.06 ,$1.82 ,$1.42 
Cauliflower,11/5/2017,$2.53 ,$2.88 ,$3.21 ,$3.98 ,$4.32 
Carrots,11/5/2017,$0.31 ,$0.92 ,$0.82 ,$0.99 ,$1.09 
Cantaloupe,11/5/2017,$1.33 ,$2.75 ,$2.74 ,$2.69 ,$2.86 
Broccoli Crowns,11/5/2017,$0.83 ,$1.92 ,$1.92 ,$2.14 ,$1.79 
Broccoli Bunches,11/5/2017,$0.66 ,$1.88 ,$1.18 ,$1.79 ,$2.09 
Strawberries,10/29/2017,$1.46 ,$2.83 ,$2.74 ,$2.62 ,$3.36 
Romaine Lettuce,10/29/2017,$0.47 ,$1.75 ,$2.01 ,$1.44 ,$1.76 
Red Leaf Lettuce,10/29/2017,$0.37 ,$1.52 ,$1.73 ,$1.37 ,$1.74 
Potatoes,10/29/2017,$1.45 ,$3.22 ,$3.97 ,$3.99 ,$5.21 
Oranges,10/29/2017,$0.67 ,$1.53 ,$1.60 ,$1.49 ,$2.22 
Iceberg Lettuce,10/29/2017,$0.43 ,$0.99 ,$1.66 ,$1.24 ,$1.66 
Honeydews,10/29/2017,$1.91 ,$3.92 ,$2.99 ,$4.01 ,$4.36 
Green Leaf Lettuce,10/29/2017,$0.37 ,$1.52 ,$1.69 ,$1.32 ,$1.64 
Flame Grapes,10/29/2017,$1.05 ,$1.86 ,$1.91 ,$2.24 ,$1.99 
Celery,10/29/2017,$0.65 ,$1.51 ,$1.84 ,$1.82 ,$1.76 
Cauliflower,10/29/2017,$2.42 ,$2.88 ,$3.15 ,$3.58 ,$2.59 
Carrots,10/29/2017,$0.31 ,$0.95 ,$0.82 ,$0.99 ,$1.09 
Cantaloupe,10/29/2017,$1.54 ,$2.65 ,$2.49 ,$2.74 ,$2.74 
Broccoli Crowns,10/29/2017,$0.96 ,$1.91 ,$1.82 ,$2.14 ,$1.71 
Broccoli Bunches,10/29/2017,$0.76 ,$1.88 ,$1.19 ,$1.49 ,$2.09 
Strawberries,10/22/2017,$1.10 ,$2.74 ,$2.74 ,$2.62 ,$3.36 
Romaine Lettuce,10/22/2017,$0.53 ,$1.75 ,$2.23 ,$1.57 ,$1.76 
Red Leaf Lettuce,10/22/2017,$0.36 ,$1.52 ,$1.82 ,$1.42 ,$1.74 
Potatoes,10/22/2017,$1.40 ,$3.97 ,$3.81 ,$3.99 ,$4.44 
Oranges,10/22/2017,$0.67 ,$1.53 ,$1.43 ,$1.67 ,$2.22 
Iceberg Lettuce,10/22/2017,$0.50 ,$0.99 ,$1.61 ,$1.12 ,$1.66 
Honeydews,10/22/2017,$1.99 ,$3.99 ,$3.42 ,$3.32 ,$4.36 
Green Leaf Lettuce,10/22/2017,$0.36 ,$1.52 ,$1.75 ,$1.42 ,$1.70 
Flame Grapes,10/22/2017,$1.02 ,$2.12 ,$2.19 ,$1.99 ,$2.11 
Celery,10/22/2017,$0.49 ,$1.75 ,$1.81 ,$1.94 ,$1.76 
Cauliflower,10/22/2017,$1.76 ,$2.91 ,$2.75 ,$3.68 ,$2.83 
Carrots,10/22/2017,$0.31 ,$0.95 ,$0.82 ,$1.50 ,$1.09 
Cantaloupe,10/22/2017,$1.37 ,$2.49 ,$2.12 ,$2.37 ,$2.74 
Broccoli Crowns,10/22/2017,$0.92 ,$1.78 ,$2.10 ,$2.14 ,$1.71 
Broccoli Bunches,10/22/2017,$0.71 ,$1.88 ,$1.07 ,$1.79 ,$2.09 
Tomatoes,10/15/2017,$0.44 ,$1.52 ,$1.44 ,$1.69 ,$1.99 
Strawberries,10/15/2017,$1.13 ,$2.66 ,$2.99 ,$2.25 ,$3.61 
Romaine Lettuce,10/15/2017,$0.78 ,$1.62 ,$1.93 ,$1.32 ,$1.76 
Red Leaf Lettuce,10/15/2017,$0.38 ,$1.52 ,$1.80 ,$1.32 ,$1.72 
Potatoes,10/15/2017,$1.40 ,$3.97 ,$3.97 ,$3.99 ,$5.22 
Oranges,10/15/2017,$0.58 ,$1.53 ,$1.52 ,$1.39 ,$2.22 
Iceberg Lettuce,10/15/2017,$1.23 ,$1.04 ,$1.31 ,$0.99 ,$1.66 
Honeydews,10/15/2017,$1.75 ,$3.24 ,$3.82 ,$3.48 ,$4.36 
Green Leaf Lettuce,10/15/2017,$0.41 ,$1.52 ,$1.75 ,$1.32 ,$1.64 
Flame Grapes,10/15/2017,$1.00 ,$2.24 ,$1.88 ,$1.71 ,$2.36 
Celery,10/15/2017,$0.47 ,$1.61 ,$1.93 ,$1.94 ,$1.42 
Cauliflower,10/15/2017,$1.23 ,$2.78 ,$3.20 ,$3.68 ,$2.99 
Carrots,10/15/2017,$0.31 ,$0.95 ,$0.82 ,$0.99 ,$0.99 
Broccoli Crowns,10/15/2017,$0.94 ,$1.91 ,$1.94 ,$2.14 ,$1.84 
Broccoli Bunches,10/15/2017,$0.73 ,$1.61 ,$1.42 ,$1.49 ,$1.18 
Tomatoes,10/8/2017,$0.44 ,$1.52 ,$1.26 ,$1.69 ,$1.91 
Strawberries,10/8/2017,$1.02 ,$2.64 ,$3.36 ,$2.99 ,$3.34 
Romaine Lettuce,10/8/2017,$0.86 ,$1.78 ,$2.13 ,$1.32 ,$2.01 
Red Leaf Lettuce,10/8/2017,$0.41 ,$1.52 ,$1.68 ,$1.32 ,$1.79 
Potatoes,10/8/2017,$1.40 ,$3.97 ,$3.97 ,$3.99 ,$5.21 
Oranges,10/8/2017,$0.56 ,$1.73 ,$1.52 ,$1.59 ,$1.99 
Iceberg Lettuce,10/8/2017,$1.56 ,$0.99 ,$1.31 ,$0.99 ,$1.75 
Honeydews,10/8/2017,$1.47 ,$3.74 ,$3.65 ,$3.73 ,$4.24 
Green Leaf Lettuce,10/8/2017,$0.43 ,$1.52 ,$1.61 ,$1.32 ,$1.75 
Flame Grapes,10/8/2017,$1.00 ,$2.19 ,$1.98 ,$1.74 ,$2.31 
Celery,10/8/2017,$0.38 ,$1.54 ,$2.06 ,$1.94 ,$1.62 
Cauliflower,10/8/2017,$1.02 ,$2.78 ,$2.90 ,$3.63 ,$2.99 
Carrots,10/8/2017,$0.31 ,$0.95 ,$0.82 ,$1.69 ,$1.09 
Cantaloupe,10/8/2017,$0.76 ,$2.18 ,$2.44 ,$4.13 ,$2.62 
Broccoli Crowns,10/8/2017,$0.97 ,$2.10 ,$1.73 ,$2.12 ,$1.74 
Tomatoes,10/1/2017,$0.46 ,$1.49 ,$1.44 ,$1.57 ,$1.86 
Strawberries,10/1/2017,$1.13 ,$2.59 ,$2.62 ,$3.49 ,$3.71 
Romaine Lettuce,10/1/2017,$0.78 ,$1.52 ,$1.91 ,$1.32 ,$2.17 
Red Leaf Lettuce,10/1/2017,$0.40 ,$1.52 ,$1.73 ,$1.32 ,$1.79 
Potatoes,10/1/2017,$1.40 ,$3.47 ,$4.31 ,$3.99 ,$5.42 
Oranges,10/1/2017,$0.56 ,$1.66 ,$1.48 ,$1.69 ,$1.89 
Iceberg Lettuce,10/1/2017,$1.13 ,$0.96 ,$1.31 ,$0.99 ,$1.64 
Honeydews,10/1/2017,$1.33 ,$3.24 ,$3.65 ,$3.48 ,$3.99 
Green Leaf Lettuce,10/1/2017,$0.40 ,$1.52 ,$1.69 ,$1.32 ,$1.67 
Flame Grapes,10/1/2017,$1.05 ,$2.29 ,$2.01 ,$1.99 ,$2.29 
Celery,10/1/2017,$0.31 ,$1.60 ,$1.89 ,$1.94 ,$1.54 
Cauliflower,10/1/2017,$1.27 ,$2.61 ,$2.90 ,$3.68 ,$3.24 
Carrots,10/1/2017,$0.31 ,$0.95 ,$0.82 ,$0.99 ,$1.07 
Cantaloupe,10/1/2017,$0.65 ,$2.24 ,$2.16 ,$2.37 ,$2.62 
Broccoli Crowns,10/1/2017,$1.44 ,$2.07 ,$1.93 ,$2.02 ,$1.85 
Broccoli Bunches,10/1/2017,$0.96 ,$1.78 ,$1.30 ,$1.49 ,$1.29 
Tomatoes,9/24/2017,$0.46 ,$1.46 ,$1.36 ,$1.69 ,$2.11 
Strawberries,9/24/2017,$1.29 ,$2.49 ,$2.49 ,$3.37 ,$3.55 
Romaine Lettuce,9/24/2017,$0.56 ,$1.94 ,$2.16 ,$1.47 ,$1.84 
Red Leaf Lettuce,9/24/2017,$0.36 ,$1.52 ,$2.08 ,$1.47 ,$1.72 
Potatoes,9/24/2017,$1.40 ,$3.97 ,$3.14 ,$3.99 ,$6.21 
Plums,9/24/2017,$0.89 ,$1.99 ,$2.15 ,$1.99 ,$2.24 
Peaches,9/24/2017,$0.78 ,$1.83 ,$1.49 ,$1.99 ,$2.15 
Oranges,9/24/2017,$0.56 ,$1.66 ,$1.34 ,$1.69 ,$1.89 
Iceberg Lettuce,9/24/2017,$0.92 ,$0.99 ,$1.34 ,$1.39 ,$1.44 
Honeydews,9/24/2017,$1.38 ,$2.99 ,$3.42 ,$3.26 ,$3.74 
Green Leaf Lettuce,9/24/2017,$0.36 ,$1.52 ,$1.75 ,$1.47 ,$1.72 
Flame Grapes,9/24/2017,$1.05 ,$2.26 ,$1.69 ,$2.24 ,$2.11 
Celery,9/24/2017,$0.34 ,$1.57 ,$1.77 ,$1.94 ,$1.67 
Cauliflower,9/24/2017,$1.63 ,$2.61 ,$2.01 ,$3.68 ,$2.86 
Carrots,9/24/2017,$0.28 ,$0.95 ,$0.82 ,$0.99 ,$1.07 
Cantaloupe,9/24/2017,$0.56 ,$2.41 ,$2.29 ,$2.74 ,$2.41 
Broccoli Bunches,9/24/2017,$1.32 ,$1.61 ,$1.19 ,$1.64 ,$1.94 
Tomatoes,9/17/2017,$0.52 ,$1.49 ,$1.24 ,$1.57 ,$2.05 
Strawberries,9/17/2017,$1.29 ,$2.62 ,$2.37 ,$2.86 ,$3.82 
Romaine Lettuce,9/17/2017,$0.39 ,$1.64 ,$1.98 ,$1.47 ,$1.84 
Red Leaf Lettuce,9/17/2017,$0.32 ,$1.52 ,$1.66 ,$1.47 ,$1.67 
Plums,9/17/2017,$0.98 ,$2.15 ,$2.24 ,$1.74 ,$2.74 
Peaches,9/17/2017,$0.78 ,$1.61 ,$1.64 ,$1.74 ,$1.84 
Oranges,9/17/2017,$0.57 ,$1.48 ,$1.29 ,$1.69 ,$1.76 
Nectarines,9/17/2017,$0.88 ,$2.24 ,$2.01 ,$2.49 ,$2.49 
Iceberg Lettuce,9/17/2017,$0.31 ,$0.99 ,$1.18 ,$1.39 ,$1.56 
Honeydews,9/17/2017,$1.13 ,$3.24 ,$3.65 ,$2.98 ,$2.99 
Green Leaf Lettuce,9/17/2017,$0.32 ,$1.52 ,$1.62 ,$1.47 ,$1.52 
Flame Grapes,9/17/2017,$1.05 ,$2.10 ,$1.86 ,$1.62 ,$2.32 
Celery,9/17/2017,$0.30 ,$1.57 ,$1.75 ,$1.92 ,$1.67 
Carrots,9/17/2017,$0.27 ,$0.95 ,$0.79 ,$0.99 ,$1.07 
Cantaloupe,9/17/2017,$0.58 ,$2.24 ,$2.04 ,$2.43 ,$2.24 
Broccoli Crowns,9/17/2017,$1.48 ,$1.74 ,$1.81 ,$1.89 ,$1.60 
Broccoli Bunches,9/17/2017,$1.12 ,$1.67 ,$1.08 ,$1.24 ,$1.14 
Cauliflower,9/10/2017,$0.89 ,$2.56 ,$2.11 ,$3.18 ,$2.98 
Broccoli Bunches,9/10/2017,$0.86 ,$1.78 ,$1.30 ,$1.49 ,$1.94 
Tomatoes,9/10/2017,$0.56 ,$1.59 ,$1.44 ,$1.57 ,$2.19 
Thompson Grapes,9/10/2017,$0.89 ,$1.59 ,$2.04 ,$1.39 ,$2.61 
Strawberries,9/10/2017,$1.38 ,$2.59 ,$2.41 ,$2.99 ,$3.41 
Romaine Lettuce,9/10/2017,$0.36 ,$1.52 ,$2.10 ,$1.52 ,$1.84 
Red Leaf Lettuce,9/10/2017,$0.38 ,$1.52 ,$1.66 ,$1.52 ,$1.72 
Potatoes,9/10/2017,$1.40 ,$3.97 ,$4.31 ,$3.99 ,$5.72 
Plums,9/10/2017,$0.98 ,$2.15 ,$1.89 ,$2.62 ,$1.99 
Peaches,9/10/2017,$0.78 ,$1.74 ,$1.79 ,$2.24 ,$1.91 
Oranges,9/10/2017,$0.57 ,$1.67 ,$1.39 ,$1.57 ,$1.76 
Nectarines,9/10/2017,$0.88 ,$1.17 ,$1.91 ,$2.24 ,$1.99 
Iceberg Lettuce,9/10/2017,$0.36 ,$0.99 ,$1.39 ,$1.39 ,$1.56 
Honeydews,9/10/2017,$0.88 ,$3.49 ,$3.24 ,$3.48 ,$3.49 
Green Leaf Lettuce,9/10/2017,$0.38 ,$1.52 ,$1.58 ,$1.52 ,$1.72 
Flame Grapes,9/10/2017,$1.01 ,$1.87 ,$2.04 ,$1.49 ,$2.44 
Celery,9/10/2017,$0.30 ,$1.94 ,$1.29 ,$1.94 ,$1.67 
Cauliflower,9/10/2017,$0.67 ,$2.95 ,$3.10 ,$3.33 ,$2.99 
Carrots,9/10/2017,$0.27 ,$0.94 ,$0.82 ,$0.99 ,$1.07 
Cantaloupe,9/10/2017,$0.65 ,$2.24 ,$1.54 ,$4.73 ,$1.87 
Broccoli Crowns,9/10/2017,$1.28 ,$1.57 ,$2.09 ,$1.89 ,$1.85 
Avocados,9/10/2017,$1.87 ,$1.52 ,$2.00 ,$1.99 ,$2.07 
Tomatoes,9/3/2017,$0.46 ,$1.59 ,$1.26 ,$1.32 ,$2.11 
Thompson Grapes,9/3/2017,$0.89 ,$2.01 ,$1.84 ,$1.74 ,$2.46 
Strawberries,9/3/2017,$1.28 ,$2.38 ,$2.29 ,$2.12 ,$3.66 
Romaine Lettuce,9/3/2017,$0.49 ,$1.86 ,$1.98 ,$1.47 ,$1.84 
Red Leaf Lettuce,9/3/2017,$0.41 ,$1.52 ,$1.71 ,$1.47 ,$1.67 
Plums,9/3/2017,$0.98 ,$1.52 ,$1.91 ,$2.24 ,$2.36 
Peaches,9/3/2017,$0.78 ,$1.45 ,$1.91 ,$2.24 ,$2.36 
Oranges,9/3/2017,$0.57 ,$1.66 ,$1.19 ,$1.57 ,$1.76 
Nectarines,9/3/2017,$0.88 ,$2.08 ,$1.99 ,$2.37 ,$2.36 
Iceberg Lettuce,9/3/2017,$0.36 ,$0.99 ,$1.41 ,$1.39 ,$1.52 
Honeydews,9/3/2017,$0.83 ,$3.17 ,$2.99 ,$2.98 ,$3.66 
Green Leaf Lettuce,9/3/2017,$0.41 ,$1.52 ,$1.67 ,$1.47 ,$1.52 
Flame Grapes,9/3/2017,$1.08 ,$2.20 ,$1.81 ,$2.24 ,$2.46 
Celery,9/3/2017,$0.32 ,$1.70 ,$1.78 ,$1.94 ,$1.92 
Cauliflower,9/3/2017,$0.86 ,$2.62 ,$2.97 ,$2.98 ,$2.74 
Carrots,9/3/2017,$0.27 ,$0.94 ,$0.82 ,$0.99 ,$1.32 
Cantaloupe,9/3/2017,$0.52 ,$2.16 ,$2.12 ,$2.60 ,$2.37 
Broccoli Crowns,9/3/2017,$0.69 ,$1.64 ,$1.93 ,$1.69 ,$1.60 
Broccoli Bunches,9/3/2017,$0.53 ,$1.78 ,$1.30 ,$1.39 ,$1.29 
Tomatoes,8/27/2017,$0.52 ,$1.59 ,$1.36 ,$1.62 ,$2.04 
Thompson Grapes,8/27/2017,$0.92 ,$1.93 ,$2.14 ,$1.57 ,$2.31 
Strawberries,8/27/2017,$1.22 ,$2.57 ,$2.36 ,$2.37 ,$3.24 
Romaine Lettuce,8/27/2017,$0.42 ,$1.85 ,$2.01 ,$1.39 ,$1.84 
Red Leaf Lettuce,8/27/2017,$0.29 ,$1.42 ,$1.28 ,$1.39 ,$1.72 
Plums,8/27/2017,$1.00 ,$1.40 ,$1.96 ,$1.99 ,$1.96 
Peaches,8/27/2017,$0.78 ,$1.50 ,$1.29 ,$1.74 ,$1.91 
Oranges,8/27/2017,$0.57 ,$1.56 ,$1.17 ,$1.37 ,$1.76 
Nectarines,8/27/2017,$0.88 ,$1.63 ,$1.86 ,$1.61 ,$1.96 
Iceberg Lettuce,8/27/2017,$0.38 ,$1.24 ,$1.31 ,$1.39 ,$1.64 
Honeydews,8/27/2017,$0.88 ,$2.92 ,$2.99 ,$3.60 ,$4.99 
Green Leaf Lettuce,8/27/2017,$0.31 ,$1.42 ,$1.23 ,$1.39 ,$1.72 
Flame Grapes,8/27/2017,$1.06 ,$2.25 ,$2.14 ,$1.57 ,$2.24 
Celery,8/27/2017,$0.29 ,$2.04 ,$1.78 ,$1.94 ,$1.75 
Cauliflower,8/27/2017,$0.61 ,$2.62 ,$2.27 ,$3.23 ,$2.97 
Carrots,8/27/2017,$0.27 ,$0.94 ,$0.84 ,$0.99 ,$1.17 
Cantaloupe,8/27/2017,$0.44 ,$2.16 ,$2.32 ,$4.98 ,$2.62 
Broccoli Crowns,8/27/2017,$0.52 ,$1.67 ,$2.09 ,$1.69 ,$1.60 
Broccoli Bunches,8/27/2017,$0.48 ,$1.78 ,$1.30 ,$1.39 ,$1.97 
Thompson Grapes,8/20/2017,$0.94 ,$1.93 ,$1.84 ,$1.62 ,$1.71 
Tomatoes,8/20/2017,$0.60 ,$1.59 ,$1.44 ,$1.62 ,$2.04 
Strawberries,8/20/2017,$1.16 ,$2.57 ,$2.41 ,$2.87 ,$3.11 
Red Leaf Lettuce,8/20/2017,$0.29 ,$1.42 ,$1.66 ,$1.39 ,$1.67 
Romaine Lettuce,8/20/2017,$0.32 ,$1.85 ,$2.10 ,$1.39 ,$1.84 
Plums,8/20/2017,$0.93 ,$1.40 ,$2.04 ,$1.74 ,$2.21 
Peaches,8/20/2017,$0.84 ,$1.50 ,$2.29 ,$1.62 ,$1.91 
Oranges,8/20/2017,$0.56 ,$1.56 ,$1.39 ,$1.34 ,$1.76 
Nectarines,8/20/2017,$0.96 ,$1.63 ,$1.99 ,$1.74 ,$2.09 
Iceberg Lettuce,8/20/2017,$0.48 ,$1.24 ,$1.31 ,$1.39 ,$1.64 
Honeydews,8/20/2017,$0.79 ,$2.92 ,$2.86 ,$3.48 ,$4.99 
Green Leaf Lettuce,8/20/2017,$0.29 ,$1.42 ,$1.58 ,$1.39 ,$1.64 
Flame Grapes,8/20/2017,$1.12 ,$2.25 ,$2.01 ,$1.32 ,$1.71 
Celery,8/20/2017,$0.29 ,$2.04 ,$2.03 ,$1.94 ,$1.75 
Cauliflower,8/20/2017,$0.54 ,$2.62 ,$2.37 ,$3.63 ,$2.98 
Carrots,8/20/2017,$0.28 ,$0.94 ,$0.79 ,$0.99 ,$1.17 
Cantaloupe,8/20/2017,$0.44 ,$2.16 ,$2.20 ,$2.37 ,$2.62 
Broccoli Crowns,8/20/2017,$0.56 ,$1.67 ,$2.09 ,$1.94 ,$1.64 
Broccoli Bunches,8/20/2017,$0.50 ,$1.78 ,$1.30 ,$1.39 ,$1.97 
Avocados,8/20/2017,$1.69 ,$1.52 ,$1.89 ,$2.17 ,$2.07 
Thompson Grapes,8/13/2017,$0.89 ,$1.74 ,$1.96 ,$1.99 ,$2.45 
Strawberries,8/13/2017,$0.97 ,$2.67 ,$3.00 ,$2.49 ,$2.74 
Romaine Lettuce,8/13/2017,$0.32 ,$1.36 ,$1.98 ,$1.47 ,$1.84 
Red Leaf Lettuce,8/13/2017,$0.29 ,$1.42 ,$1.71 ,$1.47 ,$1.77 
Plums,8/13/2017,$0.93 ,$1.27 ,$1.91 ,$1.99 ,$2.09 
Peaches,8/13/2017,$0.88 ,$1.40 ,$1.61 ,$1.87 ,$1.71 
Oranges,8/13/2017,$0.56 ,$1.61 ,$1.39 ,$1.42 ,$1.90 
Nectarines,8/13/2017,$0.96 ,$1.50 ,$2.04 ,$2.12 ,$1.79 
Iceberg Lettuce,8/13/2017,$0.42 ,$1.24 ,$1.31 ,$1.39 ,$1.69 
Honeydews,8/13/2017,$0.96 ,$3.42 ,$2.99 ,$3.48 ,$3.24 
Green Leaf Lettuce,8/13/2017,$0.29 ,$1.42 ,$1.67 ,$1.47 ,$1.76 
Flame Grapes,8/13/2017,$1.05 ,$1.95 ,$2.09 ,$1.87 ,$2.36 
Celery,8/13/2017,$0.30 ,$1.71 ,$1.78 ,$1.94 ,$2.16 
Cauliflower,8/13/2017,$0.60 ,$2.95 ,$3.10 ,$3.38 ,$3.49 
Carrots,8/13/2017,$0.28 ,$0.94 ,$0.82 ,$0.99 ,$1.07 
Cantaloupe,8/13/2017,$0.48 ,$2.08 ,$2.44 ,$2.00 ,$2.24 
Broccoli Crowns,8/13/2017,$0.70 ,$1.94 ,$1.81 ,$1.82 ,$1.78 
Broccoli Bunches,8/13/2017,$0.53 ,$1.54 ,$1.30 ,$1.23 ,$1.29 
Avocados,8/13/2017,$1.71 ,$1.47 ,$1.88 ,$1.93 ,$1.74 
Tomatoes,8/6/2017,$0.56 ,$1.59 ,$1.24 ,$1.49 ,$2.04 
Green Leaf Lettuce,8/6/2017,$0.29 ,$1.55 ,$1.58 ,$1.39 ,$1.95 
Strawberries,8/6/2017,$0.91 ,$2.58 ,$2.31 ,$2.74 ,$2.62 
Romaine Lettuce,8/6/2017,$0.31 ,$1.86 ,$2.10 ,$1.39 ,$2.16 
Red Leaf Lettuce,8/6/2017,$0.29 ,$1.55 ,$1.66 ,$1.39 ,$2.04 
Plums,8/6/2017,$0.93 ,$1.26 ,$1.86 ,$2.24 ,$2.59 
Peaches,8/6/2017,$0.92 ,$1.17 ,$1.74 ,$1.99 ,$2.29 
Oranges,8/6/2017,$0.57 ,$1.55 ,$1.39 ,$1.42 ,$1.99 
Nectarines,8/6/2017,$0.96 ,$1.17 ,$1.74 ,$2.24 ,$2.16 
Iceberg Lettuce,8/6/2017,$0.34 ,$1.24 ,$1.31 ,$1.39 ,$1.69 
Honeydews,8/6/2017,$0.96 ,$3.17 ,$2.99 ,$3.85 ,$3.87 
Flame Grapes,8/6/2017,$1.05 ,$2.19 ,$1.81 ,$2.12 ,$2.36 
Celery,8/6/2017,$0.34 ,$1.71 ,$1.47 ,$1.94 ,$2.11 
Cauliflower,8/6/2017,$0.66 ,$2.95 ,$2.97 ,$3.63 ,$3.11 
Carrots,8/6/2017,$0.27 ,$0.95 ,$0.82 ,$0.99 ,$1.07 
Cantaloupe,8/6/2017,$0.52 ,$1.75 ,$2.19 ,$3.11 ,$2.48 
Broccoli Crowns,8/6/2017,$0.55 ,$1.71 ,$2.09 ,$1.94 ,$1.81 
Broccoli Bunches,8/6/2017,$0.44 ,$1.67 ,$1.30 ,$1.39 ,$2.47 
Avocados,8/6/2017,$1.60 ,$1.31 ,$1.75 ,$1.44 ,$2.00 
Tomatoes,7/30/2017,$0.56 ,$1.59 ,$1.16 ,$1.74 ,$2.11 
Strawberries,7/30/2017,$0.84 ,$2.24 ,$2.24 ,$2.87 ,$2.49 
Romaine Lettuce,7/30/2017,$0.31 ,$1.46 ,$1.98 ,$1.39 ,$2.16 
Red Leaf Lettuce,7/30/2017,$0.29 ,$1.52 ,$1.71 ,$1.39 ,$2.11 
Potatoes,7/30/2017,$1.30 ,$4.47 ,$4.14 ,$3.99 ,$4.44 
Plums,7/30/2017,$0.89 ,$1.72 ,$1.92 ,$2.12 ,$2.21 
Peaches,7/30/2017,$0.94 ,$1.75 ,$1.84 ,$2.12 ,$2.39 
Oranges,7/30/2017,$0.58 ,$1.61 ,$1.43 ,$1.49 ,$2.05 
Nectarines,7/30/2017,$0.96 ,$1.45 ,$1.84 ,$2.24 ,$2.16 
Iceberg Lettuce,7/30/2017,$0.38 ,$1.24 ,$1.31 ,$1.44 ,$1.69 
Honeydews,7/30/2017,$1.08 ,$4.27 ,$3.24 ,$3.85 ,$4.49 
Green Leaf Lettuce,7/30/2017,$0.29 ,$1.75 ,$1.67 ,$1.39 ,$1.93 
Flame Grapes,7/30/2017,$1.05 ,$1.82 ,$1.81 ,$2.12 ,$1.99 
Celery,7/30/2017,$0.34 ,$1.94 ,$1.94 ,$1.94 ,$2.11 
Cauliflower,7/30/2017,$0.72 ,$2.95 ,$2.97 ,$3.18 ,$3.24 
Carrots,7/30/2017,$0.27 ,$0.95 ,$0.82 ,$0.99 ,$1.32 
Cantaloupe,7/30/2017,$0.73 ,$2.08 ,$2.19 ,$2.61 ,$2.99 
Broccoli Crowns,7/30/2017,$0.53 ,$1.71 ,$1.93 ,$1.82 ,$1.60 
Broccoli Bunches,7/30/2017,$0.45 ,$1.61 ,$1.30 ,$1.39 ,$1.84 
Avocados,7/30/2017,$1.39 ,$1.41 ,$1.67 ,$1.59 ,$1.82 
Tomatoes,7/23/2017,$0.62 ,$1.59 ,$1.36 ,$1.64 ,$2.11 
Strawberries,7/23/2017,$0.72 ,$2.47 ,$1.99 ,$2.75 ,$3.24 
Romaine Lettuce,7/23/2017,$0.32 ,$1.96 ,$1.78 ,$1.39 ,$1.94 
Red Leaf Lettuce,7/23/2017,$0.30 ,$1.52 ,$1.75 ,$1.39 ,$1.92 
Potatoes,7/23/2017,$1.20 ,$3.97 ,$4.14 ,$3.99 ,$5.72 
Plums,7/23/2017,$0.93 ,$1.17 ,$1.86 ,$2.12 ,$2.29 
Peaches,7/23/2017,$0.94 ,$1.20 ,$2.01 ,$1.99 ,$2.01 
Oranges,7/23/2017,$0.58 ,$1.61 ,$1.49 ,$1.49 ,$1.90 
Nectarines,7/23/2017,$0.96 ,$1.30 ,$2.01 ,$1.99 ,$2.54 
Iceberg Lettuce,7/23/2017,$0.48 ,$1.24 ,$1.31 ,$1.39 ,$1.69 
Honeydews,7/23/2017,$1.17 ,$3.74 ,$3.24 ,$3.85 ,$5.24 
Green Leaf Lettuce,7/23/2017,$0.29 ,$1.99 ,$1.33 ,$1.39 ,$1.97 
Flame Grapes,7/23/2017,$1.02 ,$2.02 ,$1.81 ,$1.62 ,$2.24 
Celery,7/23/2017,$0.43 ,$2.08 ,$1.56 ,$1.94 ,$2.04 
Cauliflower,7/23/2017,$0.70 ,$2.95 ,$2.15 ,$3.38 ,$3.11 
Carrots,7/23/2017,$0.27 ,$0.95 ,$0.82 ,$0.99 ,$1.07 
Cantaloupe,7/23/2017,$0.75 ,$2.37 ,$2.44 ,$2.61 ,$2.97 
Broccoli Crowns,7/23/2017,$0.59 ,$1.87 ,$2.08 ,$1.94 ,$1.98 
Broccoli Bunches,7/23/2017,$0.51 ,$1.78 ,$1.31 ,$1.39 ,$1.94 
Avocados,7/23/2017,$1.09 ,$1.39 ,$1.67 ,$1.75 ,$1.65 
Tomatoes,7/16/2017,$0.58 ,$1.59 ,$1.36 ,$1.64 ,$1.91 
Strawberries,7/16/2017,$0.72 ,$2.55 ,$2.87 ,$2.37 ,$2.82 
Potatoes,7/16/2017,$1.00 ,$5.47 ,$4.14 ,$3.99 ,$5.21 
Plums,7/16/2017,$0.93 ,$1.81 ,$1.79 ,$1.99 ,$2.21 
Peaches,7/16/2017,$0.94 ,$1.69 ,$1.89 ,$1.99 ,$2.26 
Oranges,7/16/2017,$0.58 ,$1.73 ,$1.41 ,$1.74 ,$1.83 
Nectarines,7/16/2017,$0.92 ,$1.82 ,$1.89 ,$1.62 ,$2.04 
Red Leaf Lettuce,7/16/2017,$0.33 ,$1.52 ,$1.41 ,$1.39 ,$1.82 
Green Leaf Lettuce,7/16/2017,$0.33 ,$1.75 ,$1.38 ,$1.39 ,$1.66 
Romaine Lettuce,7/16/2017,$0.30 ,$1.96 ,$1.66 ,$1.39 ,$2.05 
Iceberg Lettuce,7/16/2017,$0.52 ,$1.24 ,$1.16 ,$1.44 ,$1.69 
Honeydews,7/16/2017,$1.58 ,$3.61 ,$3.49 ,$4.82 ,$4.99 
Flame Grapes,7/16/2017,$1.05 ,$2.01 ,$2.19 ,$2.12 ,$2.09 
Celery,7/16/2017,$0.57 ,$1.94 ,$2.02 ,$1.89 ,$2.29 
Cauliflower,7/16/2017,$0.84 ,$2.95 ,$3.22 ,$3.38 ,$3.49 
Carrots,7/16/2017,$0.27 ,$0.95 ,$0.82 ,$0.99 ,$1.14 
Cantaloupe,7/16/2017,$0.70 ,$2.15 ,$2.56 ,$2.99 ,$3.24 
Broccoli Crowns,7/16/2017,$0.57 ,$2.04 ,$1.81 ,$1.82 ,$1.81 
Broccoli Bunches,7/16/2017,$0.51 ,$1.61 ,$1.30 ,$1.39 ,$1.69 
Avocados,7/16/2017,$1.03 ,$1.39 ,$1.54 ,$1.82 ,$1.82 
Tomatoes,7/9/2017,$0.40 ,$1.48 ,$1.36 ,$1.64 ,$1.91 
Strawberries,7/9/2017,$0.78 ,$2.82 ,$2.32 ,$2.99 ,$2.59 
Potatoes,7/9/2017,$1.00 ,$3.96 ,$4.07 ,$3.99 ,$5.22 
Plums,7/9/2017,$1.00 ,$1.59 ,$2.11 ,$1.49 ,$2.11 
Peaches,7/9/2017,$0.94 ,$1.45 ,$2.36 ,$1.24 ,$2.04 
Oranges,7/9/2017,$0.58 ,$1.64 ,$1.37 ,$1.66 ,$1.99 
Nectarines,7/9/2017,$0.92 ,$1.70 ,$2.36 ,$1.12 ,$2.04 
Red Leaf Lettuce,7/9/2017,$0.31 ,$1.52 ,$1.48 ,$1.39 ,$1.92 
Green Leaf Lettuce,7/9/2017,$0.32 ,$1.75 ,$1.42 ,$1.39 ,$1.87 
Romaine Lettuce,7/9/2017,$0.35 ,$1.96 ,$1.93 ,$1.39 ,$1.94 
Iceberg Lettuce,7/9/2017,$0.61 ,$1.24 ,$1.29 ,$1.26 ,$1.69 
Honeydews,7/9/2017,$2.58 ,$3.92 ,$2.99 ,$4.35 ,$5.99 
Flame Grapes,7/9/2017,$1.16 ,$2.27 ,$2.36 ,$2.49 ,$2.09 
Celery,7/9/2017,$0.71 ,$1.80 ,$2.08 ,$1.89 ,$2.21 
Cauliflower,7/9/2017,$0.92 ,$2.88 ,$3.27 ,$3.88 ,$2.86 
Carrots,7/9/2017,$0.27 ,$0.95 ,$0.84 ,$0.99 ,$1.07 
Cantaloupe,7/9/2017,$1.08 ,$2.24 ,$2.61 ,$3.11 ,$3.21 
Broccoli Crowns,7/9/2017,$0.55 ,$2.04 ,$1.79 ,$1.94 ,$1.97 
Broccoli Bunches,7/9/2017,$0.51 ,$1.61 ,$0.99 ,$1.39 ,$1.99 
Avocados,7/9/2017,$1.03 ,$1.29 ,$1.45 ,$1.75 ,$1.74 
Tomatoes,7/2/2017,$0.40 ,$1.32 ,$1.43 ,$1.57 ,$1.99 
Strawberries,7/2/2017,$1.09 ,$2.65 ,$1.72 ,$2.50 ,$2.32 
Potatoes,7/2/2017,$1.00 ,$3.96 ,$4.07 ,$3.99 ,$4.72 
Plums,7/2/2017,$1.18 ,$1.99 ,$2.11 ,$1.99 ,$2.49 
Peaches,7/2/2017,$0.94 ,$2.49 ,$1.74 ,$2.12 ,$2.04 
Oranges,7/2/2017,$0.58 ,$1.65 ,$1.34 ,$1.49 ,$1.89 
Nectarines,7/2/2017,$0.84 ,$2.15 ,$1.86 ,$1.99 ,$2.04 
Red Leaf Lettuce,7/2/2017,$0.32 ,$1.52 ,$1.98 ,$1.39 ,$1.89 
Green Leaf Lettuce,7/2/2017,$0.32 ,$1.75 ,$1.91 ,$1.39 ,$1.65 
Romaine Lettuce,7/2/2017,$0.35 ,$1.96 ,$2.36 ,$1.44 ,$1.94 
Iceberg Lettuce,7/2/2017,$0.50 ,$0.98 ,$1.24 ,$1.44 ,$1.69 
Honeydews,7/2/2017,$2.83 ,$3.92 ,$2.87 ,$4.35 ,$5.99 
Flame Grapes,7/2/2017,$1.28 ,$2.40 ,$2.19 ,$2.49 ,$2.45 
Celery,7/2/2017,$0.78 ,$1.80 ,$2.08 ,$1.89 ,$2.21 
Cauliflower,7/2/2017,$0.75 ,$2.88 ,$2.64 ,$3.13 ,$3.54 
Carrots,7/2/2017,$0.26 ,$0.95 ,$0.82 ,$0.99 ,$1.14 
Cantaloupe,7/2/2017,$1.50 ,$2.14 ,$1.99 ,$2.18 ,$2.99 
Broccoli Crowns,7/2/2017,$0.57 ,$2.04 ,$1.75 ,$1.82 ,$2.87 
Broccoli Bunches,7/2/2017,$0.54 ,$1.78 ,$1.41 ,$0.99 ,$1.84 
Avocados,7/2/2017,$1.04 ,$1.39 ,$1.65 ,$1.75 ,$2.00 
Tomatoes,6/25/2017,$0.52 ,$1.49 ,$1.36 ,$1.69 ,$2.09 
Strawberries,6/25/2017,$1.16 ,$2.74 ,$2.32 ,$2.62 ,$2.75 
Potatoes,6/25/2017,$1.00 ,$3.96 ,$4.07 ,$3.99 ,$5.22 
Plums,6/25/2017,$1.25 ,$2.31 ,$2.24 ,$1.99 ,$2.36 
Peaches,6/25/2017,$0.94 ,$2.31 ,$1.99 ,$1.86 ,$2.04 
Oranges,6/25/2017,$0.56 ,$1.82 ,$1.37 ,$1.49 ,$2.10 
Nectarines,6/25/2017,$0.84 ,$2.49 ,$2.36 ,$1.86 ,$2.36 
Red Leaf Lettuce,6/25/2017,$0.31 ,$1.64 ,$1.93 ,$1.44 ,$1.92 
Green Leaf Lettuce,6/25/2017,$0.31 ,$1.99 ,$1.83 ,$1.44 ,$1.87 
Romaine Lettuce,6/25/2017,$0.35 ,$1.64 ,$2.40 ,$1.44 ,$1.99 
Iceberg Lettuce,6/25/2017,$0.45 ,$1.49 ,$1.29 ,$1.39 ,$1.69 
Honeydews,6/25/2017,$2.66 ,$4.27 ,$2.87 ,$3.85 ,$4.99 
Flame Grapes,6/25/2017,$1.28 ,$1.81 ,$2.24 ,$1.99 ,$2.46 
Celery,6/25/2017,$0.83 ,$1.93 ,$2.08 ,$1.89 ,$2.29 
Cauliflower,6/25/2017,$0.81 ,$2.98 ,$2.89 ,$3.98 ,$3.54 
Carrots,6/25/2017,$0.26 ,$0.96 ,$0.84 ,$0.99 ,$1.14 
Cantaloupe,6/25/2017,$1.50 ,$2.18 ,$1.87 ,$3.11 ,$3.11 
Broccoli Crowns,6/25/2017,$0.57 ,$2.28 ,$1.79 ,$1.94 ,$1.99 
Broccoli Bunches,6/25/2017,$0.55 ,$1.63 ,$0.99 ,$1.39 ,$1.94 
Avocados,6/25/2017,$1.04 ,$1.41 ,$1.45 ,$1.75 ,$1.87 
Strawberries,6/18/2017,$1.22 ,$2.20 ,$1.55 ,$2.49 ,$3.09 
Potatoes,6/18/2017,$1.00 ,$3.96 ,$4.07 ,$3.99 ,$4.72 
Plums,6/18/2017,$1.25 ,$2.42 ,$1.99 ,$2.24 ,$2.49 
Peaches,6/18/2017,$0.92 ,$2.08 ,$1.68 ,$2.24 ,$2.36 
Oranges,6/18/2017,$0.53 ,$1.58 ,$1.36 ,$1.49 ,$1.99 
Nectarines,6/18/2017,$0.88 ,$2.32 ,$1.68 ,$1.82 ,$2.36 
Green Leaf Lettuce,6/18/2017,$0.31 ,$1.65 ,$1.91 ,$1.44 ,$1.76 
Iceberg Lettuce,6/18/2017,$0.43 ,$1.24 ,$1.22 ,$1.39 ,$1.75 
Red Leaf Lettuce,6/18/2017,$0.31 ,$1.42 ,$1.98 ,$1.44 ,$1.92 
Romaine Lettuce,6/18/2017,$0.35 ,$1.89 ,$2.36 ,$1.44 ,$1.94 
Honeydews,6/18/2017,$2.16 ,$3.92 ,$3.24 ,$3.85 ,$4.49 
Flame Grapes,6/18/2017,$1.05 ,$2.02 ,$2.22 ,$1.74 ,$2.09 
Celery,6/18/2017,$0.70 ,$1.80 ,$1.96 ,$1.94 ,$2.54 
Cauliflower,6/18/2017,$1.20 ,$2.88 ,$2.89 ,$3.98 ,$4.04 
Carrots,6/18/2017,$0.26 ,$0.95 ,$0.82 ,$0.99 ,$1.32 
Broccoli Crowns,6/18/2017,$0.62 ,$2.04 ,$1.68 ,$1.94 ,$2.49 
Broccoli Bunches,6/18/2017,$0.55 ,$1.78 ,$1.41 ,$1.39 ,$1.23 
Avocados,6/18/2017,$1.07 ,$1.32 ,$1.68 ,$1.59 ,$1.72 
Strawberries,6/11/2017,$1.09 ,$2.20 ,$1.98 ,$2.49 ,$3.06 
Potatoes,6/11/2017,$1.00 ,$3.96 ,$4.07 ,$3.99 ,$5.22 
Plums,6/11/2017,$1.30 ,$1.99 ,$2.24 ,$1.66 ,$2.36 
Peaches,6/11/2017,$0.96 ,$1.69 ,$1.99 ,$1.99 ,$2.24 
Oranges,6/11/2017,$0.52 ,$1.61 ,$1.36 ,$1.62 ,$2.22 
Nectarines,6/11/2017,$0.88 ,$2.19 ,$2.36 ,$2.24 ,$2.36 
Red Leaf Lettuce,6/11/2017,$0.29 ,$1.56 ,$1.93 ,$1.39 ,$1.92 
Green Leaf Lettuce,6/11/2017,$0.29 ,$1.65 ,$1.83 ,$1.39 ,$1.87 
Romaine Lettuce,6/11/2017,$0.29 ,$1.89 ,$2.47 ,$1.39 ,$1.94 
Iceberg Lettuce,6/11/2017,$0.46 ,$1.24 ,$1.29 ,$1.44 ,$1.59 
Honeydews,6/11/2017,$1.83 ,$3.92 ,$3.49 ,$3.85 ,$4.49 
Flame Grapes,6/11/2017,$1.05 ,$2.37 ,$2.24 ,$1.99 ,$2.21 
Celery,6/11/2017,$0.69 ,$1.64 ,$2.62 ,$1.99 ,$2.41 
Cauliflower,6/11/2017,$1.31 ,$3.21 ,$2.81 ,$3.48 ,$3.99 
Carrots,6/11/2017,$0.26 ,$0.95 ,$0.82 ,$0.99 ,$1.07 
Cantaloupe,6/11/2017,$0.77 ,$3.29 ,$2.62 ,$2.19 ,$2.74 
Broccoli Crowns,6/11/2017,$0.53 ,$2.04 ,$1.89 ,$1.99 ,$2.14 
Broccoli Bunches,6/11/2017,$0.49 ,$1.61 ,$1.31 ,$1.39 ,$2.27 
Avocados,6/11/2017,$1.05 ,$1.32 ,$1.41 ,$1.62 ,$1.86 
Strawberries,6/4/2017,$1.22 ,$2.26 ,$1.99 ,$1.99 ,$2.31 
Potatoes,6/4/2017,$1.00 ,$3.96 ,$4.07 ,$3.99 ,$4.72 
Peaches,6/4/2017,$0.88 ,$2.49 ,$1.99 ,$2.16 ,$2.36 
Oranges,6/4/2017,$0.66 ,$1.62 ,$1.35 ,$1.49 ,$2.22 
Nectarines,6/4/2017,$0.88 ,$2.32 ,$2.11 ,$1.49 ,$2.16 
Red Leaf Lettuce,6/4/2017,$0.29 ,$1.42 ,$1.98 ,$1.39 ,$1.92 
Green Leaf Lettuce,6/4/2017,$0.29 ,$1.65 ,$1.91 ,$1.39 ,$1.76 
Romaine Lettuce,6/4/2017,$0.28 ,$1.49 ,$2.33 ,$1.39 ,$2.24 
Iceberg Lettuce,6/4/2017,$0.53 ,$1.24 ,$1.41 ,$1.44 ,$1.61 
Honeydews,6/4/2017,$1.58 ,$3.94 ,$3.37 ,$3.60 ,$4.24 
Flame Grapes,6/4/2017,$1.05 ,$1.85 ,$1.94 ,$1.87 ,$2.62 
Cauliflower,6/4/2017,$0.95 ,$3.21 ,$2.81 ,$3.48 ,$4.04 
Carrots,6/4/2017,$0.27 ,$0.95 ,$0.82 ,$0.99 ,$1.32 
Broccoli Crowns,6/4/2017,$0.51 ,$2.04 ,$1.74 ,$1.87 ,$2.49 
Broccoli Bunches,6/4/2017,$0.50 ,$1.61 ,$1.31 ,$1.39 ,$1.23 
Avocados,6/4/2017,$1.10 ,$1.39 ,$1.81 ,$1.75 ,$1.72 
Strawberries,5/28/2017,$1.00 ,$2.66 ,$2.24 ,$2.50 ,$2.86 
Potatoes,5/28/2017,$1.00 ,$3.96 ,$4.07 ,$3.99 ,$5.22 
Oranges,5/28/2017,$0.66 ,$1.49 ,$1.20 ,$1.34 ,$1.93 
Red Leaf Lettuce,5/28/2017,$0.29 ,$1.75 ,$1.79 ,$1.74 ,$1.82 
Green Leaf Lettuce,5/28/2017,$0.29 ,$1.65 ,$1.71 ,$1.74 ,$1.82 
Romaine Lettuce,5/28/2017,$0.28 ,$1.52 ,$2.29 ,$1.74 ,$2.30 
Iceberg Lettuce,5/28/2017,$0.51 ,$1.24 ,$1.79 ,$1.52 ,$1.94 
Honeydews,5/28/2017,$1.50 ,$3.27 ,$3.38 ,$3.56 ,$3.74 
Flame Grapes,5/28/2017,$1.11 ,$2.90 ,$1.50 ,$2.24 ,$2.81 
Celery,5/28/2017,$2.12 ,$1.54 ,$2.33 ,$2.12 ,$2.57 
Cauliflower,5/28/2017,$0.98 ,$3.44 ,$3.56 ,$4.98 ,$2.57 
Carrots,5/28/2017,$0.29 ,$0.95 ,$0.82 ,$0.99 ,$1.07 
Cantaloupe,5/28/2017,$0.60 ,$3.45 ,$2.06 ,$2.17 ,$2.56 
Broccoli Crowns,5/28/2017,$0.61 ,$2.04 ,$1.84 ,$2.14 ,$2.32 
Broccoli Bunches,5/28/2017,$0.59 ,$1.78 ,$1.84 ,$1.39 ,$1.84 
Avocados,5/28/2017,$1.07 ,$1.31 ,$1.77 ,$1.59 ,$2.09 
Strawberries,5/21/2017,$1.09 ,$1.98 ,$1.83 ,$2.68 ,$2.86 
Potatoes,5/21/2017,$1.00 ,$3.96 ,$4.07 ,$3.99 ,$5.22 
Oranges,5/21/2017,$0.64 ,$1.44 ,$1.20 ,$1.34 ,$1.93 
Red Leaf Lettuce,5/21/2017,$0.33 ,$1.85 ,$1.93 ,$1.44 ,$1.82 
Green Leaf Lettuce,5/21/2017,$0.33 ,$1.65 ,$1.83 ,$1.44 ,$1.82 
Romaine Lettuce,5/21/2017,$0.36 ,$1.39 ,$2.47 ,$1.44 ,$2.30 
Iceberg Lettuce,5/21/2017,$0.36 ,$1.24 ,$1.79 ,$1.39 ,$1.94 
Honeydews,5/21/2017,$1.00 ,$3.61 ,$3.38 ,$3.85 ,$3.74 
Flame Grapes,5/21/2017,$1.50 ,$2.22 ,$1.73 ,$2.24 ,$2.56 
Celery,5/21/2017,$2.22 ,$1.54 ,$2.33 ,$2.19 ,$2.57 
Cauliflower,5/21/2017,$1.00 ,$3.44 ,$3.56 ,$3.98 ,$4.05 
Carrots,5/21/2017,$0.29 ,$0.95 ,$0.82 ,$0.99 ,$1.07 
Cantaloupe,5/21/2017,$0.70 ,$3.32 ,$2.43 ,$2.69 ,$2.56 
Broccoli Crowns,5/21/2017,$0.73 ,$2.04 ,$1.85 ,$2.14 ,$2.22 
Broccoli Bunches,5/21/2017,$0.73 ,$1.78 ,$1.31 ,$1.79 ,$1.84 
Avocados,5/21/2017,$1.14 ,$1.31 ,$1.77 ,$1.75 ,$2.09 
Strawberries,5/14/2017,$0.94 ,$2.66 ,$1.81 ,$2.43 ,$3.06 
Potatoes,5/14/2017,$1.00 ,$3.96 ,$4.24 ,$3.99 ,$5.22 
Oranges,5/14/2017,$0.59 ,$1.23 ,$1.39 ,$1.42 ,$2.04 
Red Leaf Lettuce,5/14/2017,$0.35 ,$1.52 ,$1.98 ,$1.49 ,$1.82 
Green Leaf Lettuce,5/14/2017,$0.39 ,$1.75 ,$1.91 ,$1.49 ,$1.76 
Romaine Lettuce,5/14/2017,$0.40 ,$1.94 ,$1.41 ,$1.49 ,$2.39 
Iceberg Lettuce,5/14/2017,$0.61 ,$1.24 ,$1.79 ,$1.49 ,$2.19 
Cauliflower,5/14/2017,$1.20 ,$2.95 ,$3.06 ,$3.98 ,$3.79 
Carrots,5/14/2017,$0.29 ,$0.95 ,$0.89 ,$0.99 ,$1.07 
Cantaloupe,5/14/2017,$0.95 ,$2.07 ,$1.93 ,$2.98 ,$2.81 
Broccoli Crowns,5/14/2017,$1.12 ,$1.97 ,$1.68 ,$2.04 ,$2.22 
Broccoli Bunches,5/14/2017,$1.08 ,$1.61 ,$1.31 ,$1.79 ,$2.11 
Avocados,5/14/2017,$1.16 ,$1.31 ,$1.50 ,$1.75 ,$2.09 
Strawberries,5/7/2017,$0.96 ,$2.31 ,$1.81 ,$2.37 ,$2.86 
Potatoes,5/7/2017,$1.00 ,$3.37 ,$4.07 ,$3.99 ,$4.72 
Oranges,5/7/2017,$0.51 ,$1.07 ,$1.20 ,$1.29 ,$1.90 
Red Leaf Lettuce,5/7/2017,$0.45 ,$1.52 ,$1.93 ,$1.49 ,$1.92 
Green Leaf Lettuce,5/7/2017,$0.45 ,$1.52 ,$1.83 ,$1.49 ,$1.87 
Romaine Lettuce,5/7/2017,$0.45 ,$1.92 ,$2.47 ,$1.49 ,$2.24 
Iceberg Lettuce,5/7/2017,$0.44 ,$1.49 ,$1.79 ,$1.49 ,$2.06 
Celery,5/7/2017,$1.74 ,$1.54 ,$1.81 ,$1.94 ,$2.17 
Cauliflower,5/7/2017,$1.98 ,$2.95 ,$3.56 ,$3.98 ,$4.29 
Carrots,5/7/2017,$0.29 ,$0.95 ,$0.82 ,$0.99 ,$2.17 
Cantaloupe,5/7/2017,$1.04 ,$3.20 ,$2.65 ,$2.36 ,$2.81 
Broccoli Crowns,5/7/2017,$1.28 ,$1.97 ,$2.04 ,$1.94 ,$1.55 
Broccoli Bunches,5/7/2017,$1.12 ,$1.33 ,$1.31 ,$1.54 ,$1.84 
Avocados,5/7/2017,$1.16 ,$1.44 ,$1.65 ,$1.62 ,$1.80 
Asparagus,5/7/2017,$2.70 ,$3.75 ,$2.91 ,$4.49 ,$3.74 
Potatoes,4/30/2017,$1.00 ,$3.94 ,$3.99 ,$3.99 ,$4.72 
Strawberries,4/30/2017,$0.83 ,$2.74 ,$2.25 ,$2.25 ,$2.81 
Oranges,4/30/2017,$0.45 ,$1.20 ,$1.20 ,$1.12 ,$1.97 
Red Leaf Lettuce,4/30/2017,$0.52 ,$1.52 ,$1.98 ,$1.57 ,$2.52 
Green Leaf Lettuce,4/30/2017,$0.52 ,$1.55 ,$1.91 ,$1.49 ,$2.32 
Romaine Lettuce,4/30/2017,$0.52 ,$2.20 ,$2.36 ,$1.57 ,$2.86 
Iceberg Lettuce,4/30/2017,$0.66 ,$0.98 ,$1.66 ,$1.49 ,$2.19 
Celery,4/30/2017,$1.45 ,$1.51 ,$1.71 ,$1.97 ,$1.92 
Cauliflower,4/30/2017,$1.82 ,$3.17 ,$3.56 ,$3.98 ,$4.29 
Broccoli Crowns,4/30/2017,$0.69 ,$1.97 ,$2.00 ,$1.99 ,$2.58 
Broccoli Bunches,4/30/2017,$0.56 ,$1.60 ,$1.22 ,$1.79 ,$1.69 
Avocados,4/30/2017,$1.17 ,$1.07 ,$1.53 ,$1.44 ,$1.95 
Asparagus,4/30/2017,$2.87 ,$3.41 ,$3.28 ,$4.49 ,$3.98 
Strawberries,4/23/2017,$0.94 ,$2.43 ,$2.11 ,$2.74 ,$3.49 
Oranges,4/23/2017,$0.48 ,$1.25 ,$1.32 ,$1.06 ,$1.65 
Red Leaf Lettuce,4/23/2017,$1.16 ,$1.68 ,$1.93 ,$1.64 ,$2.42 
Green Leaf Lettuce,4/23/2017,$1.14 ,$1.85 ,$1.83 ,$1.64 ,$2.33 
Romaine Lettuce,4/23/2017,$0.88 ,$2.44 ,$2.40 ,$1.64 ,$2.79 
Iceberg Lettuce,4/23/2017,$1.71 ,$1.65 ,$1.54 ,$1.49 ,$1.89 
Celery,4/23/2017,$1.25 ,$1.41 ,$1.76 ,$1.72 ,$1.54 
Cauliflower,4/23/2017,$1.39 ,$3.42 ,$3.56 ,$4.28 ,$4.29 
Carrots,4/23/2017,$0.29 ,$0.95 ,$0.89 ,$0.99 ,$1.14 
Broccoli Crowns,4/23/2017,$0.51 ,$1.97 ,$2.22 ,$2.14 ,$2.58 
Avocados,4/23/2017,$1.17 ,$1.28 ,$1.77 ,$1.62 ,$2.09 
Asparagus,4/23/2017,$2.88 ,$3.32 ,$3.28 ,$3.99 ,$2.99 
Asparagus,4/16/2017,$2.69 ,$2.66 ,$2.78 ,$3.99 ,$3.25 
Strawberries,4/16/2017,$1.00 ,$2.99 ,$2.24 ,$2.25 ,$3.24 
Oranges,4/16/2017,$0.47 ,$1.73 ,$1.10 ,$1.04 ,$2.05 
Green Leaf Lettuce,4/16/2017,$2.08 ,$1.85 ,$2.26 ,$1.64 ,$2.22 
Red Leaf Lettuce,4/16/2017,$1.73 ,$1.68 ,$2.32 ,$1.64 ,$2.42 
Romaine Lettuce,4/16/2017,$1.82 ,$2.07 ,$2.31 ,$1.64 ,$2.79 
Iceberg Lettuce,4/16/2017,$1.87 ,$1.49 ,$1.92 ,$1.49 ,$1.94 
Celery,4/16/2017,$1.09 ,$1.43 ,$1.71 ,$1.97 ,$1.79 
Cauliflower,4/16/2017,$2.53 ,$3.78 ,$3.56 ,$4.28 ,$3.66 
Carrots,4/16/2017,$0.29 ,$0.95 ,$0.89 ,$0.99 ,$1.14 
Broccoli Crowns,4/16/2017,$0.93 ,$1.97 ,$1.93 ,$2.14 ,$2.13 
Broccoli Bunches,4/16/2017,$0.94 ,$1.60 ,$1.26 ,$1.79 ,$1.69 
Avocados,4/16/2017,$1.20 ,$1.39 ,$1.77 ,$1.59 ,$1.88 
Cauliflower,4/9/2017,$3.53 ,$3.42 ,$3.44 ,$3.88 ,$3.74 
Strawberries,4/9/2017,$1.15 ,$2.49 ,$2.50 ,$2.87 ,$3.61 
Oranges,4/9/2017,$0.43 ,$1.15 ,$1.20 ,$0.99 ,$1.84 
Red Leaf Lettuce,4/9/2017,$1.64 ,$1.58 ,$1.93 ,$1.64 ,$1.81 
Green Leaf Lettuce,4/9/2017,$2.14 ,$1.58 ,$1.83 ,$1.64 ,$1.74 
Romaine Lettuce,4/9/2017,$2.11 ,$2.11 ,$2.47 ,$1.64 ,$2.07 
Iceberg Lettuce,4/9/2017,$1.82 ,$1.24 ,$1.44 ,$1.49 ,$1.61 
Celery,4/9/2017,$0.92 ,$1.44 ,$1.71 ,$1.72 ,$1.79 
Carrots,4/9/2017,$0.29 ,$0.95 ,$0.82 ,$0.99 ,$1.13 
Broccoli Crowns,4/9/2017,$1.85 ,$1.97 ,$2.14 ,$2.14 ,$1.90 
Broccoli Bunches,4/9/2017,$1.54 ,$1.77 ,$1.30 ,$1.39 ,$1.69 
Avocados,4/9/2017,$1.14 ,$1.51 ,$1.67 ,$1.75 ,$2.09 
Asparagus,4/9/2017,$1.96 ,$2.81 ,$2.28 ,$3.49 ,$3.11 
Strawberries,4/2/2017,$1.69 ,$2.99 ,$2.61 ,$1.87 ,$3.32 
Oranges,4/2/2017,$0.43 ,$1.44 ,$1.17 ,$1.24 ,$1.84 
Red Leaf Lettuce,4/2/2017,$1.21 ,$1.58 ,$1.55 ,$1.49 ,$1.82 
Celery,4/2/2017,$0.84 ,$1.44 ,$1.61 ,$1.92 ,$1.72 
Green Leaf Lettuce,4/2/2017,$2.14 ,$1.58 ,$1.79 ,$1.49 ,$1.66 
Romaine Lettuce,4/2/2017,$2.09 ,$1.82 ,$2.02 ,$1.49 ,$2.07 
Iceberg Lettuce,4/2/2017,$1.41 ,$1.24 ,$1.44 ,$1.49 ,$1.61 
Cauliflower,4/2/2017,$3.39 ,$3.42 ,$3.56 ,$3.78 ,$3.99 
Carrots,4/2/2017,$0.29 ,$0.95 ,$0.82 ,$0.99 ,$1.24 
Asparagus,4/2/2017,$1.81 ,$2.81 ,$3.28 ,$3.49 ,$3.11 
Broccoli Crowns,4/2/2017,$1.73 ,$1.97 ,$1.86 ,$2.09 ,$1.90 
Broccoli Bunches,4/2/2017,$1.40 ,$1.78 ,$1.28 ,$1.39 ,$1.69 
Avocados,4/2/2017,$1.11 ,$1.43 ,$1.67 ,$1.75 ,$2.09 
Romaine Lettuce,3/26/2017,$1.82 ,$1.42 ,$1.97 ,$1.49 ,$2.16 
Strawberries,3/26/2017,$1.69 ,$2.74 ,$2.66 ,$2.87 ,$2.86 
Oranges,3/26/2017,$0.38 ,$1.25 ,$1.49 ,$1.24 ,$1.85 
Red Leaf Lettuce,3/26/2017,$0.86 ,$1.32 ,$1.57 ,$1.49 ,$1.82 
Green Leaf Lettuce,3/26/2017,$1.73 ,$1.32 ,$1.50 ,$1.49 ,$1.77 
Iceberg Lettuce,3/26/2017,$0.86 ,$0.94 ,$1.44 ,$1.49 ,$1.54 
Celery,3/26/2017,$0.82 ,$1.44 ,$1.56 ,$1.94 ,$1.67 
Cauliflower,3/26/2017,$2.49 ,$3.24 ,$3.49 ,$3.78 ,$3.65 
Carrots,3/26/2017,$0.29 ,$1.05 ,$0.82 ,$0.99 ,$1.14 
Broccoli Crowns,3/26/2017,$0.96 ,$2.31 ,$2.01 ,$2.09 ,$1.88 
Broccoli Bunches,3/26/2017,$1.13 ,$2.19 ,$1.01 ,$1.49 ,$1.69 
Avocados,3/26/2017,$1.06 ,$1.47 ,$1.60 ,$1.75 ,$2.04 
Asparagus,3/26/2017,$1.46 ,$2.66 ,$2.08 ,$2.99 ,$2.04 
Strawberries,3/19/2017,$1.59 ,$2.74 ,$2.66 ,$2.87 ,$2.86 
Romaine Lettuce,3/19/2017,$1.33 ,$1.42 ,$1.97 ,$1.49 ,$2.16 
Red Leaf Lettuce,3/19/2017,$0.60 ,$1.32 ,$1.57 ,$1.49 ,$1.82 
Oranges,3/19/2017,$0.22 ,$1.25 ,$1.49 ,$1.24 ,$1.85 
Iceberg Lettuce,3/19/2017,$0.72 ,$0.94 ,$1.44 ,$1.49 ,$1.54 
Green Leaf Lettuce,3/19/2017,$1.04 ,$1.32 ,$1.50 ,$1.49 ,$1.77 
Celery,3/19/2017,$0.61 ,$1.44 ,$1.56 ,$1.94 ,$1.67 
Cauliflower,3/19/2017,$3.31 ,$3.24 ,$3.49 ,$3.78 ,$3.65 
Carrots,3/19/2017,$0.29 ,$1.05 ,$0.82 ,$0.99 ,$1.14 
Broccoli Crowns,3/19/2017,$1.14 ,$2.31 ,$2.01 ,$2.09 ,$1.88 
Broccoli Bunches,3/19/2017,$0.97 ,$2.19 ,$1.01 ,$1.49 ,$1.69 
Avocados,3/19/2017,$1.10 ,$1.79 ,$2.00 ,$0.79 ,$1.28 
Strawberries,3/12/2017,$1.75 ,$2.57 ,$2.57 ,$3.24 ,$2.87 
Romaine Lettuce,3/12/2017,$0.99 ,$1.42 ,$1.86 ,$1.49 ,$2.07 
Red Leaf Lettuce,3/12/2017,$0.56 ,$1.32 ,$1.49 ,$1.49 ,$1.82 
Oranges,3/12/2017,$0.24 ,$1.45 ,$0.89 ,$1.12 ,$1.84 
Iceberg Lettuce,3/12/2017,$0.49 ,$1.04 ,$1.44 ,$1.44 ,$1.61 
Green Leaf Lettuce,3/12/2017,$0.70 ,$1.32 ,$1.45 ,$1.49 ,$1.66 
Celery,3/12/2017,$0.42 ,$1.44 ,$1.41 ,$1.89 ,$1.72 
Cauliflower,3/12/2017,$2.90 ,$3.24 ,$2.95 ,$3.48 ,$3.32 
Carrots,3/12/2017,$0.99 ,$0.95 ,$0.82 ,$0.99 ,$1.25 
Broccoli Crowns,3/12/2017,$1.40 ,$2.31 ,$1.66 ,$2.02 ,$1.83 
Avocados,3/12/2017,$1.10 ,$1.46 ,$1.60 ,$1.75 ,$1.95 
Strawberries,3/5/2017,$1.88 ,$2.49 ,$2.07 ,$3.21 ,$2.61 
Romaine Lettuce,3/5/2017,$0.72 ,$1.32 ,$1.97 ,$1.49 ,$1.97 
Red Leaf Lettuce,3/5/2017,$0.58 ,$1.42 ,$1.57 ,$1.49 ,$1.82 
Oranges,3/5/2017,$0.24 ,$1.14 ,$1.20 ,$1.24 ,$1.76 
Iceberg Lettuce,3/5/2017,$0.34 ,$1.16 ,$1.44 ,$1.12 ,$1.54 
Green Leaf Lettuce,3/5/2017,$0.60 ,$1.32 ,$1.50 ,$1.49 ,$1.77 
Celery,3/5/2017,$0.34 ,$1.52 ,$1.53 ,$1.67 ,$1.67 
Cauliflower,3/5/2017,$1.84 ,$2.45 ,$2.70 ,$3.48 ,$3.24 
Carrots,3/5/2017,$0.29 ,$0.95 ,$0.82 ,$0.99 ,$1.14 
Broccoli Crowns,3/5/2017,$1.14 ,$1.80 ,$1.76 ,$1.82 ,$1.88 
Avocados,3/5/2017,$1.11 ,$1.49 ,$1.62 ,$1.70 ,$1.91 
Romaine Lettuce,2/26/2017,$0.78 ,$1.42 ,$1.89 ,$1.49 ,$1.97 
Red Leaf Lettuce,2/26/2017,$0.60 ,$1.32 ,$1.86 ,$1.49 ,$1.82 
Oranges,2/26/2017,$0.24 ,$1.35 ,$1.00 ,$1.24 ,$1.45 
Iceberg Lettuce,2/26/2017,$0.47 ,$1.16 ,$1.44 ,$1.49 ,$1.61 
Green Leaf Lettuce,2/26/2017,$0.64 ,$1.32 ,$1.83 ,$1.49 ,$1.66 
Celery,2/26/2017,$0.34 ,$1.44 ,$1.61 ,$1.89 ,$1.67 
Cauliflower,2/26/2017,$1.64 ,$2.74 ,$2.58 ,$3.13 ,$3.49 
Carrots,2/26/2017,$0.29 ,$0.95 ,$0.82 ,$0.99 ,$1.15 
Broccoli Crowns,2/26/2017,$0.79 ,$1.80 ,$1.73 ,$1.87 ,$1.45 
Broccoli Bunches,2/26/2017,$0.56 ,$1.46 ,$1.19 ,$1.29 ,$1.63 
Avocados,2/26/2017,$1.11 ,$1.44 ,$1.67 ,$1.62 ,$1.62 
